{
  "best_config": {
    "hidden_dims": [
      512,
      256
    ],
    "dropout": 0.2,
    "lr": 0.001,
    "batch_size": 512,
    "epochs": 10,
    "patience": 3
  },
  "val_auc": 0.7416462958611576,
  "val_f1": 0.2462479155086159,
  "test_auc": 0.7366743544998771,
  "test_f1": 0.2575192096597146
}