{
  "test_auc": 0.7379199117261818,
  "test_f1": 0.22745901639344263
}